"","target","source","flow"
"1","AD","AT",2
"2","AD","CH",5
"3","AD","DE",2
"4","AD","ES",5
"5","AD","FR",2
"6","AD","IT",6
"7","AD","NL",1
"8","AE","AT",4
"9","AE","AU",1
"10","AE","BR",7
"11","AE","CH",50
"12","AE","CL",1
"13","AE","CO",2
"14","AE","DE",22
"15","AE","DK",1
"16","AE","ES",15
"17","AE","FI",1
"18","AE","FR",63
"19","AE","GB",25
"20","AE","ID",6
"21","AE","IN",1
"22","AE","IT",86
"23","AE","JP",2
"24","AE","KR",3
"25","AE","KW",7
"26","AE","LB",1
"27","AE","LU",3
"28","AE","MO",1
"29","AE","MX",1
"30","AE","NL",14
"31","AE","PT",3
"32","AE","QA",6
"33","AE","SG",7
"34","AE","SM",1
"35","AE","SN",5
"36","AE","TH",9
"37","AE","TR",2
"38","AE","US",15
"39","AE","VN",2
"40","AE","ZA",3
"41","AF","FR",1
"42","AF","IT",1
"43","AF","KR",4
"44","AF","NZ",1
"45","AG","CH",2
"46","AG","US",1
"47","AI","US",1
"48","AL","AT",1
"49","AL","CH",4
"50","AL","DE",1
"51","AL","FR",1
"52","AL","GB",1
"53","AL","IT",4
"54","AM","AT",2
"55","AM","CH",10
"56","AM","DE",5
"57","AM","FR",8
"58","AM","IT",26
"59","AM","SG",1
"60","AO","CH",4
"61","AO","DE",1
"62","AO","ES",1
"63","AO","FR",8
"64","AO","IT",4
"65","AO","PT",2
"66","AO","ZA",2
"67","AR","BR",1
"68","AR","CH",6
"69","AR","DE",1
"70","AR","ES",1
"71","AR","FR",12
"72","AR","IT",1
"73","AR","QA",1
"74","AR","TH",1
"75","AR","US",1
"76","AT","AE",3
"77","AT","AU",3
"78","AT","CA",1
"79","AT","CH",30
"80","AT","GE",1
"81","AT","HK",6
"82","AT","IL",1
"83","AT","JP",2
"84","AT","KR",2
"85","AT","LB",1
"86","AT","MU",1
"87","AT","MY",1
"88","AT","SG",4
"89","AT","SM",1
"90","AT","TH",3
"91","AT","TR",1
"92","AT","TW",2
"93","AT","TZ",1
"94","AT","US",6
"95","AT","ZA",2
"96","AU","AE",1
"97","AU","AT",3
"98","AU","BR",2
"99","AU","CA",5
"100","AU","CH",27
"101","AU","CN",3
"102","AU","DE",8
"103","AU","DK",1
"104","AU","ES",4
"105","AU","FR",42
"106","AU","GB",14
"107","AU","HK",18
"108","AU","HN",1
"109","AU","ID",3
"110","AU","IT",45
"111","AU","JP",11
"112","AU","KR",8
"113","AU","LA",1
"114","AU","LU",2
"115","AU","MO",1
"116","AU","MX",10
"117","AU","MY",1
"118","AU","NL",11
"119","AU","NZ",10
"120","AU","PG",2
"121","AU","PT",1
"122","AU","SE",1
"123","AU","SG",47
"124","AU","TH",8
"125","AU","TW",1
"126","AU","US",10
"127","AU","VN",2
"128","AU","ZA",17
"129","AW","CH",35
"130","AW","DE",3
"131","AW","ES",2
"132","AW","FR",4
"133","AW","IT",8
"134","AW","NL",2
"135","AW","US",9
"136","AZ","AT",2
"137","AZ","CH",21
"138","AZ","DE",9
"139","AZ","ES",7
"140","AZ","FR",19
"141","AZ","GB",6
"142","AZ","GR",1
"143","AZ","IT",42
"144","AZ","LB",1
"145","AZ","NL",1
"146","AZ","SN",1
"147","AZ","TH",2
"148","AZ","US",1
"149","BA","CH",1
"150","BA","IT",2
"151","BB","CH",3
"152","BB","FR",7
"153","BB","US",2
"154","BD","CH",1
"155","BD","JP",1
"156","BD","TH",2
"157","BE","AU",1
"158","BE","CA",4
"159","BE","CH",13
"160","BE","ID",1
"161","BE","KR",4
"162","BE","MA",4
"163","BE","MX",2
"164","BE","TH",4
"165","BE","US",4
"166","BE","VN",2
"167","BE","ZA",2
"168","BF","CH",1
"169","BF","FR",1
"170","BG","AU",1
"171","BG","CH",8
"172","BG","ID",1
"173","BG","TH",3
"174","BG","TR",1
"175","BH","AU",1
"176","BH","CH",16
"177","BH","CZ",1
"178","BH","DE",2
"179","BH","ES",1
"180","BH","FR",17
"181","BH","GB",1
"182","BH","IT",18
"183","BH","JP",1
"184","BH","NL",7
"185","BH","PT",1
"186","BH","SG",1
"187","BH","TH",6
"188","BH","US",2
"189","BJ","ES",2
"190","BL","AU",1
"191","BL","FR",11
"192","BL","IT",28
"193","BL","US",1
"194","BM","CH",1
"195","BM","ES",1
"196","BM","GB",1
"197","BM","IT",1
"198","BM","SG",1
"199","BM","US",1
"200","BN","CH",1
"201","BN","DE",1
"202","BN","FR",8
"203","BN","IT",1
"204","BN","SG",2
"205","BN","TH",1
"206","BO","AR",1
"207","BO","CH",1
"208","BO","IT",1
"209","BO","US",1
"210","BR","AT",3
"211","BR","AU",1
"212","BR","CH",16
"213","BR","DE",2
"214","BR","ES",4
"215","BR","FR",33
"216","BR","GB",1
"217","BR","ID",6
"218","BR","IT",29
"219","BR","LU",4
"220","BR","MX",2
"221","BR","MY",1
"222","BR","NL",1
"223","BR","PA",2
"224","BR","PT",1
"225","BR","SG",5
"226","BR","SN",1
"227","BR","TH",4
"228","BR","US",6
"229","BR","ZA",3
"230","BR","ZW",1
"231","BS","CH",8
"232","BS","DE",1
"233","BS","IT",15
"234","BS","NL",1
"235","BS","US",3
"236","BT","TH",2
"237","BW","ZA",2
"238","BY","AT",1
"239","BY","CH",3
"240","BY","DE",3
"241","BY","ES",1
"242","BY","FR",1
"243","BY","IT",19
"244","BY","LU",1
"245","BY","TH",2
"246","BZ","CH",1
"247","BZ","US",1
"248","CA","AT",4
"249","CA","AU",2
"250","CA","BR",2
"251","CA","CH",33
"252","CA","CN",2
"253","CA","CO",4
"254","CA","DE",8
"255","CA","DK",1
"256","CA","ES",9
"257","CA","FI",6
"258","CA","FR",33
"259","CA","GB",6
"260","CA","ID",1
"261","CA","IN",1
"262","CA","IT",43
"263","CA","JP",8
"264","CA","LB",3
"265","CA","LU",3
"266","CA","MX",10
"267","CA","NL",6
"268","CA","NO",1
"269","CA","RO",1
"270","CA","RU",1
"271","CA","SE",1
"272","CA","SG",2
"273","CA","TH",7
"274","CA","TR",3
"275","CA","US",65
"276","CA","ZA",2
"277","CA","ZW",2
"278","CC","US",5
"279","CD","CH",5
"280","CD","FR",1
"281","CD","IT",1
"282","CD","TR",1
"283","CG","CH",2
"284","CG","ES",1
"285","CG","FR",9
"286","CG","IT",3
"287","CH","AE",32
"288","CH","AT",22
"289","CH","AU",11
"290","CH","AZ",1
"291","CH","BB",1
"292","CH","BE",3
"293","CH","BG",1
"294","CH","BH",1
"295","CH","BO",1
"296","CH","BR",1
"297","CH","CA",8
"298","CH","CN",9
"299","CH","CY",1
"300","CH","CZ",2
"301","CH","DE",42
"302","CH","DK",2
"303","CH","DO",1
"304","CH","EE",1
"305","CH","ES",26
"306","CH","FI",2
"307","CH","FR",74
"308","CH","GB",28
"309","CH","GE",3
"310","CH","GR",4
"311","CH","HK",22
"312","CH","ID",6
"313","CH","IL",1
"314","CH","IN",3
"315","CH","IT",126
"316","CH","JO",1
"317","CH","JP",20
"318","CH","KR",13
"319","CH","KW",14
"320","CH","LB",3
"321","CH","LU",5
"322","CH","MA",1
"323","CH","MC",4
"324","CH","MG",1
"325","CH","MN",1
"326","CH","MO",3
"327","CH","MT",3
"328","CH","MU",6
"329","CH","MX",4
"330","CH","MY",9
"331","CH","NL",24
"332","CH","NO",4
"333","CH","PE",4
"334","CH","PT",11
"335","CH","QA",2
"336","CH","RS",4
"337","CH","RU",2
"338","CH","SG",21
"339","CH","SI",3
"340","CH","SM",1
"341","CH","TH",20
"342","CH","TR",4
"343","CH","TW",8
"344","CH","US",21
"345","CH","UY",1
"346","CH","VN",2
"347","CH","ZA",6
"348","CI","CH",3
"349","CI","FR",10
"350","CI","IT",1
"351","CI","SN",1
"352","CI","ZA",2
"353","CL","AR",2
"354","CL","CH",13
"355","CL","DE",1
"356","CL","ES",1
"357","CL","FR",13
"358","CL","IT",12
"359","CL","MX",3
"360","CL","US",2
"361","CM","FR",5
"362","CN","AT",6
"363","CN","AU",4
"364","CN","BE",8
"365","CN","BO",2
"366","CN","BR",10
"367","CN","CA",16
"368","CN","CH",50
"369","CN","CL",2
"370","CN","CO",7
"371","CN","DE",21
"372","CN","DK",1
"373","CN","ES",27
"374","CN","FR",100
"375","CN","GB",45
"376","CN","HK",1
"377","CN","ID",6
"378","CN","IT",147
"379","CN","JP",13
"380","CN","KR",24
"381","CN","LU",4
"382","CN","MN",3
"383","CN","MT",2
"384","CN","MX",3
"385","CN","MY",6
"386","CN","NL",12
"387","CN","NO",4
"388","CN","PT",2
"389","CN","SG",24
"390","CN","SM",1
"391","CN","TH",18
"392","CN","TR",5
"393","CN","US",17
"394","CN","VN",12
"395","CN","ZA",10
"396","CN","ZW",2
"397","CO","AT",3
"398","CO","AU",1
"399","CO","BR",1
"400","CO","CH",6
"401","CO","CN",1
"402","CO","DE",1
"403","CO","ES",3
"404","CO","FR",5
"405","CO","IT",15
"406","CO","JP",2
"407","CO","KR",1
"408","CO","MX",1
"409","CO","MY",1
"410","CO","NL",1
"411","CO","SG",2
"412","CO","TH",1
"413","CO","US",3
"414","CR","CH",3
"415","CR","ES",1
"416","CR","FR",1
"417","CR","MX",8
"418","CR","US",1
"419","CU","CH",1
"420","CU","FR",1
"421","CW","US",2
"422","CY","AE",1
"423","CY","BR",2
"424","CY","CH",14
"425","CY","FR",2
"426","CY","LB",3
"427","CY","SG",1
"428","CZ","AU",2
"429","CZ","CA",1
"430","CZ","CH",13
"431","CZ","CN",1
"432","CZ","ID",1
"433","CZ","TH",3
"434","CZ","US",1
"435","CZ","ZA",3
"436","DE","AE",5
"437","DE","AR",5
"438","DE","AU",4
"439","DE","BO",2
"440","DE","CA",12
"441","DE","CH",35
"442","DE","CN",13
"443","DE","CO",1
"444","DE","DE",1
"445","DE","HK",2
"446","DE","ID",2
"447","DE","IL",1
"448","DE","IN",4
"449","DE","JP",13
"450","DE","KR",11
"451","DE","LB",2
"452","DE","MO",1
"453","DE","MU",4
"454","DE","MW",2
"455","DE","MX",4
"456","DE","MY",1
"457","DE","NO",2
"458","DE","PE",2
"459","DE","PH",3
"460","DE","RU",1
"461","DE","SD",1
"462","DE","SG",14
"463","DE","SM",1
"464","DE","TH",13
"465","DE","TR",5
"466","DE","TW",1
"467","DE","US",19
"468","DE","VE",1
"469","DE","VN",2
"470","DE","ZA",13
"471","DE","ZM",1
"472","DE","ZW",3
"473","DJ","FR",1
"474","DK","BR",4
"475","DK","CA",1
"476","DK","CH",24
"477","DK","FR",1
"478","DK","HK",1
"479","DK","JP",1
"480","DK","MX",14
"481","DK","MY",1
"482","DK","SG",3
"483","DK","SN",8
"484","DK","TH",4
"485","DK","US",1
"486","DK","VN",1
"487","DK","ZA",6
"488","DK","ZW",2
"489","DM","CH",1
"490","DO","CH",6
"491","DO","FR",7
"492","DO","IT",8
"493","DO","NL",1
"494","DO","US",2
"495","DZ","CH",2
"496","DZ","DE",1
"497","DZ","FR",20
"498","DZ","IT",8
"499","DZ","SN",2
"500","EC","CH",2
"501","EC","ES",1
"502","EC","ID",1
"503","EC","NL",2
"504","EC","US",1
"505","EE","CH",4
"506","EE","TH",3
"507","EG","AE",3
"508","EG","CH",12
"509","EG","DE",4
"510","EG","FR",11
"511","EG","IT",14
"512","EG","JP",1
"513","EG","NL",3
"514","EG","TH",3
"515","EG","ZA",1
"516","ES","AE",6
"517","ES","AR",7
"518","ES","AU",3
"519","ES","BO",1
"520","ES","CH",24
"521","ES","CN",3
"522","ES","CO",2
"523","ES","FR",2
"524","ES","HK",9
"525","ES","ID",9
"526","ES","JP",5
"527","ES","KR",4
"528","ES","MW",1
"529","ES","MX",14
"530","ES","MY",2
"531","ES","MZ",1
"532","ES","NI",3
"533","ES","PA",5
"534","ES","PE",1
"535","ES","SG",9
"536","ES","SN",2
"537","ES","TH",6
"538","ES","TR",2
"539","ES","TW",4
"540","ES","US",2
"541","ES","VN",3
"542","ES","ZA",4
"543","ES","ZW",1
"544","ET","CH",1
"545","FI","AU",1
"546","FI","CA",7
"547","FI","CH",11
"548","FI","TH",3
"549","FJ","AU",1
"550","FJ","CH",1
"551","FR","AE",26
"552","FR","AR",1
"553","FR","AU",8
"554","FR","BB",4
"555","FR","BR",9
"556","FR","CA",19
"557","FR","CH",122
"558","FR","CL",3
"559","FR","CN",32
"560","FR","CO",2
"561","FR","DE",1
"562","FR","DO",3
"563","FR","FR",16
"564","FR","HK",7
"565","FR","ID",12
"566","FR","JP",39
"567","FR","KH",1
"568","FR","KR",13
"569","FR","KW",10
"570","FR","KZ",7
"571","FR","LB",1
"572","FR","MA",7
"573","FR","MC",12
"574","FR","MG",14
"575","FR","ML",1
"576","FR","MO",3
"577","FR","MU",8
"578","FR","MX",21
"579","FR","MY",6
"580","FR","NL",2
"581","FR","NO",2
"582","FR","PE",2
"583","FR","PG",3
"584","FR","PH",4
"585","FR","QA",12
"586","FR","RU",23
"587","FR","SG",42
"588","FR","SN",6
"589","FR","TD",1
"590","FR","TH",10
"591","FR","TN",8
"592","FR","TR",18
"593","FR","TW",8
"594","FR","UA",6
"595","FR","US",40
"596","FR","VN",3
"597","FR","ZA",20
"598","FR","ZW",2
"599","GA","FR",4
"600","GA","SN",1
"601","GB","AE",3
"602","GB","AU",3
"603","GB","AZ",2
"604","GB","BR",6
"605","GB","CA",11
"606","GB","CH",31
"607","GB","CN",11
"608","GB","CO",3
"609","GB","DE",1
"610","GB","FR",8
"611","GB","GE",2
"612","GB","HK",2
"613","GB","ID",6
"614","GB","JP",9
"615","GB","KW",2
"616","GB","LB",4
"617","GB","MO",3
"618","GB","MU",2
"619","GB","MX",3
"620","GB","NO",1
"621","GB","QA",2
"622","GB","RS",1
"623","GB","SG",17
"624","GB","TH",8
"625","GB","TR",1
"626","GB","TW",2
"627","GB","US",12
"628","GB","VN",4
"629","GB","ZA",10
"630","GB","ZW",2
"631","GD","CH",1
"632","GE","AT",2
"633","GE","CH",8
"634","GE","DE",2
"635","GE","FR",2
"636","GE","IT",5
"637","GE","SG",1
"638","GF","CH",1
"639","GG","GB",1
"640","GG","US",1
"641","GH","CH",4
"642","GH","FR",1
"643","GH","IT",7
"644","GI","CH",2
"645","GI","ES",2
"646","GI","GB",1
"647","GM","FR",1
"648","GM","ZA",1
"649","GP","CH",2
"650","GP","TH",2
"651","GP","US",8
"652","GR","AE",1
"653","GR","AR",1
"654","GR","BR",1
"655","GR","CA",6
"656","GR","CH",8
"657","GR","CN",1
"658","GR","HK",1
"659","GR","TH",2
"660","GR","TR",3
"661","GR","US",7
"662","GR","ZA",1
"663","GT","AT",3
"664","GT","CH",3
"665","GT","ES",1
"666","GT","FR",1
"667","GT","MX",13
"668","GT","US",2
"669","GU","CH",13
"670","GU","IT",1
"671","GU","SG",11
"672","HK","AE",2
"673","HK","AR",1
"674","HK","AT",11
"675","HK","AU",9
"676","HK","BE",2
"677","HK","BO",1
"678","HK","BR",6
"679","HK","CA",6
"680","HK","CH",60
"681","HK","CO",3
"682","HK","DE",2
"683","HK","DK",4
"684","HK","ES",45
"685","HK","FI",2
"686","HK","FR",33
"687","HK","GB",4
"688","HK","GR",3
"689","HK","ID",13
"690","HK","IN",1
"691","HK","IT",68
"692","HK","JP",27
"693","HK","KR",46
"694","HK","LU",4
"695","HK","LV",1
"696","HK","MG",1
"697","HK","MT",1
"698","HK","MU",4
"699","HK","MX",1
"700","HK","MY",11
"701","HK","NL",12
"702","HK","NZ",2
"703","HK","PG",2
"704","HK","PT",6
"705","HK","RS",1
"706","HK","SE",3
"707","HK","SG",78
"708","HK","SM",2
"709","HK","TH",20
"710","HK","TR",7
"711","HK","US",22
"712","HK","VN",1
"713","HK","ZA",4
"714","HN","CH",1
"715","HN","ES",1
"716","HN","MX",4
"717","HN","US",1
"718","HR","CH",5
"719","HR","TH",1
"720","HT","CH",1
"721","HT","FR",2
"722","HT","TH",1
"723","HT","US",1
"724","HU","AE",1
"725","HU","CH",6
"726","HU","ID",1
"727","HU","PE",2
"728","HU","US",1
"729","ID","AT",1
"730","ID","AU",1
"731","ID","CH",11
"732","ID","DE",2
"733","ID","ES",10
"734","ID","FR",27
"735","ID","IT",5
"736","ID","JP",2
"737","ID","KR",6
"738","ID","LU",5
"739","ID","NL",2
"740","ID","SG",30
"741","ID","TH",2
"742","ID","US",1
"743","IE","CH",1
"744","IE","FR",1
"745","IE","TH",3
"746","IE","US",1
"747","IL","AT",4
"748","IL","BR",3
"749","IL","CH",13
"750","IL","DE",11
"751","IL","ES",2
"752","IL","FR",20
"753","IL","IT",15
"754","IL","JP",1
"755","IL","KR",1
"756","IL","LU",3
"757","IL","NL",1
"758","IL","SG",1
"759","IL","TH",3
"760","IL","US",2
"761","IL","ZA",1
"762","IM","IT",6
"763","IN","AE",10
"764","IN","AT",1
"765","IN","AU",2
"766","IN","CH",23
"767","IN","DE",4
"768","IN","ES",4
"769","IN","FR",12
"770","IN","GB",3
"771","IN","HK",1
"772","IN","IT",24
"773","IN","JP",1
"774","IN","LU",3
"775","IN","NL",2
"776","IN","SG",11
"777","IN","TH",6
"778","IN","VN",2
"779","IQ","CH",5
"780","IQ","DE",1
"781","IQ","FR",3
"782","IQ","IT",4
"783","IQ","TR",1
"784","IR","CH",10
"785","IR","FR",3
"786","IR","IT",17
"787","IR","TH",1
"788","IS","BE",1
"789","IS","CH",2
"790","IS","DE",2
"791","IS","FR",1
"792","IS","IT",3
"793","IS","NL",1
"794","IS","NO",2
"795","IS","US",1
"796","IT","AD",2
"797","IT","AE",26
"798","IT","AR",7
"799","IT","AU",10
"800","IT","BO",1
"801","IT","BR",11
"802","IT","CA",23
"803","IT","CH",55
"804","IT","CN",62
"805","IT","CO",3
"806","IT","ET",1
"807","IT","FR",1
"808","IT","HK",17
"809","IT","ID",13
"810","IT","IL",2
"811","IT","IN",1
"812","IT","JP",40
"813","IT","KR",31
"814","IT","KW",20
"815","IT","KZ",1
"816","IT","LB",3
"817","IT","MC",6
"818","IT","MG",3
"819","IT","MO",7
"820","IT","MU",2
"821","IT","MX",1
"822","IT","MY",8
"823","IT","MZ",2
"824","IT","PE",2
"825","IT","QA",10
"826","IT","SG",48
"827","IT","SN",6
"828","IT","TH",11
"829","IT","TR",17
"830","IT","TW",15
"831","IT","US",67
"832","IT","VE",1
"833","IT","VN",5
"834","IT","ZA",6
"835","IT","ZW",3
"836","JE","DE",1
"837","JE","FR",1
"838","JE","GB",2
"839","JM","CH",4
"840","JM","US",1
"841","JO","CH",9
"842","JO","DE",1
"843","JO","FR",8
"844","JO","IT",4
"845","JO","JP",1
"846","JO","LB",1
"847","JO","NL",1
"848","JO","TH",3
"849","JO","US",2
"850","JP","AE",1
"851","JP","AR",2
"852","JP","AT",8
"853","JP","AU",6
"854","JP","BD",1
"855","JP","BE",12
"856","JP","BO",1
"857","JP","BR",10
"858","JP","CA",4
"859","JP","CH",52
"860","JP","CN",19
"861","JP","CO",5
"862","JP","DE",26
"863","JP","DK",1
"864","JP","EE",1
"865","JP","ES",31
"866","JP","FR",86
"867","JP","GB",27
"868","JP","HK",39
"869","JP","HN",1
"870","JP","ID",13
"871","JP","IT",105
"872","JP","KH",1
"873","JP","KR",61
"874","JP","LU",2
"875","JP","MO",11
"876","JP","MW",1
"877","JP","MX",6
"878","JP","MY",2
"879","JP","MZ",2
"880","JP","NL",17
"881","JP","PE",1
"882","JP","PG",6
"883","JP","PT",7
"884","JP","RO",1
"885","JP","RU",1
"886","JP","SE",5
"887","JP","SG",53
"888","JP","TH",22
"889","JP","TR",1
"890","JP","TW",5
"891","JP","UA",1
"892","JP","US",23
"893","JP","VN",26
"894","JP","ZA",7
"895","JP","ZM",1
"896","JP","ZW",2
"897","KE","CH",1
"898","KE","FR",1
"899","KE","IT",6
"900","KE","US",3
"901","KG","AT",1
"902","KG","CH",3
"903","KG","FR",1
"904","KG","IT",6
"905","KG","TH",1
"906","KH","CH",2
"907","KH","FR",4
"908","KH","IT",2
"909","KH","JP",1
"910","KH","TH",6
"911","KN","CH",1
"912","KN","FR",1
"913","KN","US",2
"914","KP","CA",4
"915","KP","FR",2
"916","KP","IT",4
"917","KP","MX",1
"918","KP","PT",1
"919","KP","SG",3
"920","KP","TH",1
"921","KR","AR",1
"922","KR","AT",6
"923","KR","AU",3
"924","KR","BE",11
"925","KR","BR",3
"926","KR","CA",2
"927","KR","CH",46
"928","KR","CN",1
"929","KR","CO",9
"930","KR","DE",17
"931","KR","ES",28
"932","KR","FR",89
"933","KR","GA",2
"934","KR","GB",13
"935","KR","HK",35
"936","KR","HN",2
"937","KR","ID",14
"938","KR","IL",1
"939","KR","IT",129
"940","KR","JM",1
"941","KR","JP",37
"942","KR","KE",3
"943","KR","LU",2
"944","KR","MO",4
"945","KR","MX",2
"946","KR","MY",5
"947","KR","MZ",1
"948","KR","NL",12
"949","KR","PG",1
"950","KR","PT",1
"951","KR","SG",56
"952","KR","SM",1
"953","KR","SZ",3
"954","KR","TH",14
"955","KR","TW",8
"956","KR","UG",2
"957","KR","US",24
"958","KR","VN",16
"959","KR","ZA",8
"960","KR","ZM",1
"961","KR","ZW",2
"962","KW","AE",10
"963","KW","AT",1
"964","KW","BH",1
"965","KW","BR",5
"966","KW","CH",33
"967","KW","CN",1
"968","KW","DE",4
"969","KW","ES",2
"970","KW","FR",26
"971","KW","GB",13
"972","KW","ID",2
"973","KW","IT",27
"974","KW","JP",1
"975","KW","NL",9
"976","KW","PT",1
"977","KW","QA",1
"978","KW","SG",2
"979","KW","SM",1
"980","KW","TH",4
"981","KW","US",6
"982","KY","CH",5
"983","KY","US",3
"984","KZ","AT",2
"985","KZ","CH",23
"986","KZ","CO",1
"987","KZ","DE",1
"988","KZ","FR",27
"989","KZ","GB",3
"990","KZ","IT",37
"991","KZ","NL",4
"992","KZ","SG",3
"993","KZ","TH",4
"994","KZ","US",2
"995","KZ","ZA",1
"996","LA","CH",2
"997","LA","FR",7
"998","LA","LU",1
"999","LA","TH",4
"1000","LB","AE",3
"1001","LB","AT",1
"1002","LB","BR",8
"1003","LB","CH",18
"1004","LB","CO",1
"1005","LB","DE",5
"1006","LB","ES",3
"1007","LB","FR",21
"1008","LB","GB",2
"1009","LB","IT",28
"1010","LB","JP",2
"1011","LB","KR",5
"1012","LB","MT",1
"1013","LB","NL",1
"1014","LB","TH",2
"1015","LB","US",3
"1016","LC","CH",2
"1017","LC","US",1
"1018","LI","DE",1
"1019","LI","FR",2
"1020","LI","GB",1
"1021","LI","IT",1
"1022","LK","AE",1
"1023","LK","AT",3
"1024","LK","CH",2
"1025","LK","FR",1
"1026","LK","TH",2
"1027","LR","CH",1
"1028","LT","CH",8
"1029","LT","JP",1
"1030","LT","TH",1
"1031","LU","CH",4
"1032","LU","MG",1
"1033","LU","PH",2
"1034","LV","CH",5
"1035","LV","FR",1
"1036","LV","TH",2
"1037","LY","CH",2
"1038","LY","FR",1
"1039","MA","BE",4
"1040","MA","CH",9
"1041","MA","DE",1
"1042","MA","FR",12
"1043","MA","GB",1
"1044","MA","IT",14
"1045","MA","LU",3
"1046","MA","NL",3
"1047","MA","SN",1
"1048","MC","CH",8
"1049","MC","DE",9
"1050","MC","ES",1
"1051","MC","FR",51
"1052","MC","GB",2
"1053","MC","IT",34
"1054","MD","AT",2
"1055","MD","CH",5
"1056","MD","DE",3
"1057","MD","FR",1
"1058","MD","IT",1
"1059","ME","AT",1
"1060","ME","CH",2
"1061","ME","DE",2
"1062","ME","FR",1
"1063","ME","IT",8
"1064","MF","BB",1
"1065","MF","CH",4
"1066","MF","US",1
"1067","MG","CH",1
"1068","MG","FR",21
"1069","MG","ID",1
"1070","MG","IT",1
"1071","MK","AT",2
"1072","MK","CH",1
"1073","MK","DE",1
"1074","MK","GR",1
"1075","MM","CH",2
"1076","MM","FR",1
"1077","MM","JP",1
"1078","MM","TH",3
"1079","MN","AT",1
"1080","MN","CH",2
"1081","MN","DE",2
"1082","MN","ES",1
"1083","MN","FR",1
"1084","MN","GB",1
"1085","MN","IT",2
"1086","MN","TH",1
"1087","MO","AT",1
"1088","MO","BE",6
"1089","MO","CH",14
"1090","MO","DE",4
"1091","MO","ES",1
"1092","MO","FI",1
"1093","MO","FR",34
"1094","MO","GB",7
"1095","MO","IT",55
"1096","MO","JP",1
"1097","MO","KR",8
"1098","MO","LU",1
"1099","MO","NL",8
"1100","MO","PT",1
"1101","MO","SG",10
"1102","MO","SM",1
"1103","MO","TH",1
"1104","MO","US",2
"1105","MP","SG",4
"1106","MQ","BR",1
"1107","MR","FR",2
"1108","MT","CH",8
"1109","MU","AT",2
"1110","MU","CH",3
"1111","MU","FR",5
"1112","MU","MY",1
"1113","MU","SG",3
"1114","MU","ZA",1
"1115","MU","ZW",1
"1116","MV","CH",3
"1117","MV","DE",3
"1118","MV","IT",1
"1119","MW","FR",1
"1120","MW","ZA",2
"1121","MX","AR",6
"1122","MX","AT",4
"1123","MX","BO",3
"1124","MX","BR",11
"1125","MX","CA",1
"1126","MX","CH",24
"1127","MX","CN",3
"1128","MX","CO",3
"1129","MX","DE",3
"1130","MX","ES",15
"1131","MX","FR",33
"1132","MX","GB",2
"1133","MX","GY",1
"1134","MX","HK",2
"1135","MX","ID",4
"1136","MX","IT",55
"1137","MX","LU",3
"1138","MX","MC",1
"1139","MX","MY",1
"1140","MX","NL",3
"1141","MX","NO",1
"1142","MX","PA",3
"1143","MX","PT",1
"1144","MX","PY",1
"1145","MX","SG",5
"1146","MX","TH",6
"1147","MX","US",22
"1148","MX","UY",1
"1149","MX","ZA",6
"1150","MX","ZW",3
"1151","MY","AE",1
"1152","MY","AT",2
"1153","MY","AU",2
"1154","MY","CH",29
"1155","MY","CN",2
"1156","MY","CO",1
"1157","MY","DE",10
"1158","MY","ES",2
"1159","MY","FR",34
"1160","MY","GB",4
"1161","MY","GS",1
"1162","MY","HK",20
"1163","MY","IT",28
"1164","MY","JP",1
"1165","MY","KR",4
"1166","MY","LU",4
"1167","MY","MU",1
"1168","MY","NL",3
"1169","MY","PT",1
"1170","MY","SD",1
"1171","MY","SG",55
"1172","MY","TH",8
"1173","MY","TR",1
"1174","MY","TW",2
"1175","MY","US",5
"1176","MY","VN",2
"1177","MY","ZA",1
"1178","MY","ZW",1
"1179","MZ","AT",1
"1180","MZ","JP",1
"1181","NC","CH",2
"1182","NC","SG",2
"1183","NE","CO",1
"1184","NE","FR",4
"1185","NG","CH",8
"1186","NG","DE",1
"1187","NG","FR",7
"1188","NG","GB",1
"1189","NG","IT",16
"1190","NG","ZA",1
"1191","NI","CH",1
"1192","NI","US",1
"1193","NL","AE",1
"1194","NL","AU",2
"1195","NL","CA",3
"1196","NL","CH",17
"1197","NL","CN",1
"1198","NL","FR",4
"1199","NL","HK",3
"1200","NL","ID",2
"1201","NL","JP",4
"1202","NL","KR",3
"1203","NL","KW",1
"1204","NL","MW",2
"1205","NL","MX",4
"1206","NL","PH",1
"1207","NL","TH",5
"1208","NL","TR",2
"1209","NL","TW",1
"1210","NL","US",6
"1211","NL","VN",2
"1212","NL","ZA",6
"1213","NO","AT",4
"1214","NO","BE",1
"1215","NO","CA",5
"1216","NO","CH",24
"1217","NO","DE",9
"1218","NO","DK",8
"1219","NO","ES",1
"1220","NO","FR",20
"1221","NO","IT",21
"1222","NO","JP",1
"1223","NO","NL",2
"1224","NO","PE",1
"1225","NO","SE",7
"1226","NO","SI",3
"1227","NO","TH",5
"1228","NO","US",9
"1229","NP","CH",2
"1230","NP","TH",3
"1231","NZ","AE",1
"1232","NZ","AT",1
"1233","NZ","AU",9
"1234","NZ","CA",4
"1235","NZ","CH",10
"1236","NZ","DE",1
"1237","NZ","ES",1
"1238","NZ","FR",15
"1239","NZ","GB",2
"1240","NZ","HK",1
"1241","NZ","IT",6
"1242","NZ","JP",2
"1243","NZ","SG",15
"1244","NZ","TH",2
"1245","NZ","ZA",1
"1246","OM","AE",1
"1247","OM","CH",11
"1248","OM","DE",1
"1249","OM","FR",4
"1250","OM","GB",4
"1251","OM","IT",15
"1252","OM","JP",1
"1253","OM","TH",3
"1254","OM","VN",1
"1255","PA","AU",1
"1256","PA","CH",20
"1257","PA","ES",2
"1258","PA","FR",23
"1259","PA","HK",1
"1260","PA","IT",16
"1261","PA","JP",1
"1262","PA","NL",3
"1263","PA","TD",1
"1264","PA","US",3
"1265","PE","AT",3
"1266","PE","CH",7
"1267","PE","IT",1
"1268","PE","MX",8
"1269","PE","US",1
"1270","PG","AT",1
"1271","PG","AU",3
"1272","PG","JP",5
"1273","PG","TH",1
"1274","PH","AT",3
"1275","PH","CH",11
"1276","PH","ES",3
"1277","PH","FR",14
"1278","PH","GB",1
"1279","PH","HK",3
"1280","PH","IT",11
"1281","PH","JP",1
"1282","PH","KR",3
"1283","PH","SG",27
"1284","PH","TH",4
"1285","PK","CH",5
"1286","PK","DE",1
"1287","PK","FR",3
"1288","PK","IT",1
"1289","PK","SG",3
"1290","PK","TH",2
"1291","PL","CA",2
"1292","PL","CH",7
"1293","PL","KR",2
"1294","PL","TH",2
"1295","PL","ZA",1
"1296","PR","AR",1
"1297","PR","CH",4
"1298","PR","ES",1
"1299","PR","NL",2
"1300","PT","BR",9
"1301","PT","CD",1
"1302","PT","CH",16
"1303","PT","MZ",1
"1304","PT","PE",2
"1305","PT","SN",4
"1306","PT","TH",6
"1307","PT","ZA",1
"1308","PY","CH",4
"1309","PY","IT",7
"1310","PY","NL",1
"1311","PY","US",1
"1312","QA","AE",16
"1313","QA","AT",1
"1314","QA","BR",6
"1315","QA","CH",37
"1316","QA","CN",3
"1317","QA","CO",3
"1318","QA","DE",9
"1319","QA","DK",1
"1320","QA","ES",7
"1321","QA","FR",50
"1322","QA","GB",20
"1323","QA","HK",1
"1324","QA","IT",54
"1325","QA","JP",1
"1326","QA","KR",2
"1327","QA","KW",6
"1328","QA","NL",13
"1329","QA","PT",2
"1330","QA","SG",3
"1331","QA","TH",10
"1332","QA","TR",2
"1333","QA","US",5
"1334","RE","AT",2
"1335","RE","CH",3
"1336","RO","CH",7
"1337","RO","FR",3
"1338","RO","TH",3
"1339","RO","TR",1
"1340","RS","AT",2
"1341","RS","AU",1
"1342","RS","CH",9
"1343","RS","DE",2
"1344","RS","ES",1
"1345","RS","FR",2
"1346","RS","IT",5
"1347","RS","NL",2
"1348","RS","SI",1
"1349","RS","US",1
"1350","RU","AT",6
"1351","RU","AU",1
"1352","RU","BR",2
"1353","RU","CA",7
"1354","RU","CH",45
"1355","RU","DE",17
"1356","RU","DK",2
"1357","RU","ES",12
"1358","RU","FR",47
"1359","RU","GB",10
"1360","RU","GR",3
"1361","RU","HK",1
"1362","RU","IT",82
"1363","RU","JP",4
"1364","RU","KR",4
"1365","RU","LU",2
"1366","RU","LV",2
"1367","RU","NL",9
"1368","RU","NO",1
"1369","RU","PT",1
"1370","RU","RO",1
"1371","RU","SG",6
"1372","RU","SM",3
"1373","RU","TH",6
"1374","RU","TR",1
"1375","RU","US",6
"1376","RU","VN",2
"1377","RU","ZA",4
"1378","SA","AE",3
"1379","SA","AT",1
"1380","SA","BR",5
"1381","SA","CH",29
"1382","SA","CN",3
"1383","SA","DE",10
"1384","SA","ES",7
"1385","SA","FR",27
"1386","SA","GB",11
"1387","SA","ID",4
"1388","SA","IT",38
"1389","SA","KR",5
"1390","SA","LB",2
"1391","SA","NL",7
"1392","SA","PT",2
"1393","SA","QA",1
"1394","SA","SG",3
"1395","SA","TH",3
"1396","SA","TR",2
"1397","SA","US",2
"1398","SA","ZA",4
"1399","SC","CH",5
"1400","SC","DE",1
"1401","SD","TH",1
"1402","SE","AU",2
"1403","SE","CH",10
"1404","SE","NO",1
"1405","SE","SG",2
"1406","SE","TH",3
"1407","SE","US",1
"1408","SE","ZA",1
"1409","SG","AT",6
"1410","SG","AU",23
"1411","SG","BR",1
"1412","SG","CH",36
"1413","SG","CN",4
"1414","SG","CO",2
"1415","SG","DE",11
"1416","SG","DK",1
"1417","SG","ES",18
"1418","SG","FR",56
"1419","SG","GB",10
"1420","SG","GE",1
"1421","SG","HK",28
"1422","SG","ID",29
"1423","SG","IN",4
"1424","SG","IT",62
"1425","SG","JP",13
"1426","SG","KE",1
"1427","SG","KH",1
"1428","SG","KR",21
"1429","SG","LU",5
"1430","SG","MO",4
"1431","SG","MW",1
"1432","SG","MY",38
"1433","SG","NL",11
"1434","SG","NZ",10
"1435","SG","PG",2
"1436","SG","PH",12
"1437","SG","PT",2
"1438","SG","QA",1
"1439","SG","RS",1
"1440","SG","TH",13
"1441","SG","TW",1
"1442","SG","US",21
"1443","SG","VN",24
"1444","SG","ZA",2
"1445","SG","ZM",1
"1446","SG","ZW",1
"1447","SI","AU",1
"1448","SI","CH",7
"1449","SI","TH",2
"1450","SJ","NO",2
"1451","SK","CH",3
"1452","SK","ID",1
"1453","SK","TH",2
"1454","SK","TR",2
"1455","SK","ZA",1
"1456","SM","AT",1
"1457","SM","AU",1
"1458","SM","CA",2
"1459","SM","CH",4
"1460","SM","IT",2
"1461","SM","TH",1
"1462","SM","US",3
"1463","SN","ES",1
"1464","SN","FR",4
"1465","SN","IT",3
"1466","SN","ZA",2
"1467","SR","CH",1
"1468","SR","US",1
"1469","SV","CH",1
"1470","SV","ES",1
"1471","SV","US",1
"1472","SX","NL",3
"1473","SX","US",5
"1474","SY","CH",4
"1475","SY","FR",1
"1476","SZ","AE",2
"1477","SZ","ES",2
"1478","SZ","JP",1
"1479","SZ","KR",2
"1480","SZ","US",1
"1481","SZ","ZA",1
"1482","TC","CH",3
"1483","TC","US",1
"1484","TD","FR",1
"1485","TF","CH",2
"1486","TF","DE",1
"1487","TF","IT",2
"1488","TG","FR",1
"1489","TH","AT",1
"1490","TH","AU",1
"1491","TH","BO",2
"1492","TH","BR",2
"1493","TH","CH",30
"1494","TH","CN",1
"1495","TH","CO",1
"1496","TH","DE",3
"1497","TH","ES",8
"1498","TH","FR",43
"1499","TH","GB",2
"1500","TH","HK",14
"1501","TH","ID",5
"1502","TH","IT",25
"1503","TH","JP",9
"1504","TH","KH",1
"1505","TH","KR",2
"1506","TH","LU",2
"1507","TH","ML",1
"1508","TH","MO",1
"1509","TH","MY",2
"1510","TH","NL",2
"1511","TH","PA",1
"1512","TH","PT",1
"1513","TH","SD",1
"1514","TH","SG",42
"1515","TH","TD",1
"1516","TH","TG",1
"1517","TH","TW",1
"1518","TH","US",4
"1519","TH","VE",2
"1520","TH","VN",3
"1521","TH","ZA",3
"1522","TH","ZW",2
"1523","TJ","AT",1
"1524","TJ","CH",1
"1525","TK","CH",1
"1526","TK","MY",1
"1527","TM","AT",1
"1528","TM","CH",6
"1529","TM","DE",1
"1530","TM","FR",3
"1531","TM","GB",2
"1532","TM","IT",14
"1533","TN","CH",3
"1534","TN","DE",1
"1535","TN","FR",14
"1536","TN","IT",3
"1537","TN","LU",1
"1538","TN","TR",1
"1539","TR","AR",2
"1540","TR","AT",4
"1541","TR","AU",2
"1542","TR","BO",1
"1543","TR","BR",8
"1544","TR","CH",36
"1545","TR","CO",4
"1546","TR","DE",10
"1547","TR","ES",23
"1548","TR","ET",1
"1549","TR","FI",2
"1550","TR","FR",73
"1551","TR","GB",8
"1552","TR","HK",4
"1553","TR","ID",7
"1554","TR","IT",85
"1555","TR","JP",2
"1556","TR","KR",8
"1557","TR","LU",3
"1558","TR","MY",3
"1559","TR","NL",14
"1560","TR","PH",1
"1561","TR","SG",8
"1562","TR","SM",2
"1563","TR","TH",7
"1564","TR","US",3
"1565","TR","VN",1
"1566","TR","ZW",1
"1567","TT","CH",1
"1568","TT","ES",1
"1569","TT","NL",1
"1570","TW","AT",3
"1571","TW","AU",2
"1572","TW","CH",32
"1573","TW","CO",1
"1574","TW","DE",18
"1575","TW","DK",2
"1576","TW","ES",17
"1577","TW","FR",35
"1578","TW","GB",8
"1579","TW","ID",2
"1580","TW","IT",36
"1581","TW","JP",10
"1582","TW","KR",14
"1583","TW","LU",3
"1584","TW","MY",3
"1585","TW","NL",10
"1586","TW","NZ",1
"1587","TW","PT",3
"1588","TW","SG",15
"1589","TW","TH",10
"1590","TW","US",6
"1591","TZ","CH",1
"1592","TZ","IT",1
"1593","TZ","ZA",1
"1594","UA","AT",6
"1595","UA","CA",1
"1596","UA","CH",21
"1597","UA","DE",10
"1598","UA","ES",10
"1599","UA","FR",19
"1600","UA","GB",2
"1601","UA","IL",1
"1602","UA","IT",38
"1603","UA","SG",3
"1604","UA","TH",5
"1605","UG","ES",1
"1606","UG","IT",2
"1607","US","AE",9
"1608","US","AR",17
"1609","US","AT",9
"1610","US","AU",8
"1611","US","BE",12
"1612","US","BH",1
"1613","US","BI",1
"1614","US","BO",5
"1615","US","BR",27
"1616","US","BS",1
"1617","US","CA",84
"1618","US","CH",108
"1619","US","CL",1
"1620","US","CM",1
"1621","US","CN",20
"1622","US","CO",24
"1623","US","DE",29
"1624","US","DK",5
"1625","US","DO",2
"1626","US","EG",1
"1627","US","EH",3
"1628","US","ES",73
"1629","US","FI",6
"1630","US","FR",110
"1631","US","GB",69
"1632","US","GP",1
"1633","US","GR",13
"1634","US","HK",52
"1635","US","ID",15
"1636","US","IE",7
"1637","US","IL",7
"1638","US","IN",5
"1639","US","IT",234
"1640","US","JM",1
"1641","US","JO",4
"1642","US","JP",20
"1643","US","KN",1
"1644","US","KR",23
"1645","US","KY",1
"1646","US","LB",9
"1647","US","LU",4
"1648","US","MO",3
"1649","US","MX",120
"1650","US","MY",7
"1651","US","MZ",1
"1652","US","NG",3
"1653","US","NI",5
"1654","US","NL",16
"1655","US","NO",3
"1656","US","PE",1
"1657","US","PH",6
"1658","US","PT",6
"1659","US","QA",1
"1660","US","RO",3
"1661","US","SA",2
"1662","US","SE",6
"1663","US","SG",55
"1664","US","SM",2
"1665","US","SX",4
"1666","US","TG",1
"1667","US","TH",30
"1668","US","TR",5
"1669","US","TT",1
"1670","US","TW",2
"1671","US","VE",1
"1672","US","VN",12
"1673","US","ZA",50
"1674","US","ZM",1
"1675","US","ZW",7
"1676","UY","CH",7
"1677","UY","CN",1
"1678","UY","DE",1
"1679","UY","IT",3
"1680","UY","US",2
"1681","UZ","CH",6
"1682","UZ","FR",4
"1683","UZ","IT",31
"1684","VA","CH",2
"1685","VE","CH",6
"1686","VE","ES",3
"1687","VE","FR",8
"1688","VE","IT",2
"1689","VE","US",1
"1690","VG","AT",1
"1691","VG","CH",2
"1692","VG","DE",1
"1693","VG","US",1
"1694","VI","CH",7
"1695","VI","DE",1
"1696","VN","CH",10
"1697","VN","CN",6
"1698","VN","DE",1
"1699","VN","ES",2
"1700","VN","FR",45
"1701","VN","GB",2
"1702","VN","HK",1
"1703","VN","ID",1
"1704","VN","IT",18
"1705","VN","JP",10
"1706","VN","KR",41
"1707","VN","MY",2
"1708","VN","NL",1
"1709","VN","SG",33
"1710","VN","TH",5
"1711","VN","US",4
"1712","VN","VE",1
"1713","VN","ZA",2
"1714","VU","AU",1
"1715","WF","IT",1
"1716","YE","CH",2
"1717","YE","IT",1
"1718","ZA","AE",1
"1719","ZA","AT",10
"1720","ZA","AU",2
"1721","ZA","BW",3
"1722","ZA","CA",5
"1723","ZA","CH",20
"1724","ZA","CO",1
"1725","ZA","DE",16
"1726","ZA","ES",4
"1727","ZA","FR",21
"1728","ZA","GB",2
"1729","ZA","HK",1
"1730","ZA","ID",2
"1731","ZA","IT",41
"1732","ZA","JP",2
"1733","ZA","KR",2
"1734","ZA","MW",1
"1735","ZA","MZ",1
"1736","ZA","PT",1
"1737","ZA","SG",4
"1738","ZA","SN",4
"1739","ZA","TH",5
"1740","ZA","US",4
"1741","ZA","VN",1
"1742","ZA","ZM",2
"1743","ZA","ZW",4
"1744","ZM","CH",1
"1745","ZM","ZA",1
"1746","ZM","ZW",1
"1747","ZW","CH",1
"1748","ZW","MU",1
"1749","ZW","MY",2
"1750","ZW","ZM",1
